card_name,card_value,trend_score,ai_score_adjustment,ai_attach_score_adjustment,ai_value_multiplier,sample_confidence,matches_analyzed,generated_unix,base_reached_match_count,no_valid_move_match_count,nexus_card_lost_match_count,unknown_win_condition_match_count,seen_count,attach_count,attach_rate,move_count,move_win_count,move_win_rate,capture_count,capture_rate,nexus_capture_count,base_entry_count,progress_sum,avg_progress_per_move,delta_attach_per_player_match,delta_moves_per_player_match,delta_progress_per_player_match,delta_captures_per_player_match,expire_count,return_deck_count,return_hand_count,effect_trigger_count,base_change_effect_count,cards_moved_by_effect,affected_count_by_effect,win_slot_count,lose_slot_count,win_attach_sum,lose_attach_sum,win_moves_sum,lose_moves_sum,win_progress_sum,lose_progress_sum,win_captures_sum,lose_captures_sum
Crown,1.8049,50.9025,1.8049,0.7220,1.0180,0.2084,94,1778614657,44,8,42,0,20,18,0.9000,60,53,0.8833,13,0.2167,0,11,94.0000,1.5667,0.1277,0.4894,0.8085,0.0957,0,4,0,0,0,0,0,94,94,15.0000,3.0000,53.0000,7.0000,85.0000,9.0000,11.0000,2.0000
Lieutenant,0.8235,50.4117,0.8235,0.3294,1.0082,0.1744,94,1778614657,44,8,42,0,23,21,0.9130,42,35,0.8333,11,0.2619,3,1,74.0000,1.7619,0.0957,0.2979,0.5532,0.0957,3,13,0,0,0,0,0,94,94,15.0000,6.0000,35.0000,7.0000,63.0000,11.0000,10.0000,1.0000
Ambusher,0.3748,50.1874,0.3748,0.1499,1.0037,0.1372,94,1778614657,44,8,42,0,23,19,0.8261,26,21,0.8077,8,0.3077,3,0,50.0000,1.9231,0.0957,0.1702,0.3404,0.0638,3,7,0,0,0,0,0,94,94,14.0000,5.0000,21.0000,5.0000,41.0000,9.0000,7.0000,1.0000
Buffoon,0.0000,50.0000,0.0000,0.0000,1.0000,0.0000,94,1778614657,44,8,42,0,25,0,0.0000,0,0,0.0000,0,0.0000,0,0,0.0000,0.0000,0.0000,0.0000,0.0000,0.0000,0,18,0,0,0,0,0,94,94,0.0000,0.0000,0.0000,0.0000,0.0000,0.0000,0.0000,0.0000
Caregiver,0.0000,50.0000,0.0000,0.0000,1.0000,0.0000,94,1778614657,44,8,42,0,21,0,0.0000,0,0,0.0000,0,0.0000,0,0,0.0000,0.0000,0.0000,0.0000,0.0000,0.0000,0,16,0,0,0,0,0,94,94,0.0000,0.0000,0.0000,0.0000,0.0000,0.0000,0.0000,0.0000
Explorer,0.0000,50.0000,0.0000,0.0000,1.0000,0.0000,94,1778614657,44,8,42,0,20,0,0.0000,0,0,0.0000,0,0.0000,0,0,0.0000,0.0000,0.0000,0.0000,0.0000,0.0000,0,16,0,0,0,0,0,94,94,0.0000,0.0000,0.0000,0.0000,0.0000,0.0000,0.0000,0.0000
Grandmaster,0.0000,50.0000,0.0000,0.0000,1.0000,0.0000,94,1778614657,44,8,42,0,41,0,0.0000,0,0,0.0000,0,0.0000,0,0,0.0000,0.0000,0.0000,0.0000,0.0000,0.0000,0,34,0,0,0,0,0,94,94,0.0000,0.0000,0.0000,0.0000,0.0000,0.0000,0.0000,0.0000
Pawn,0.0000,50.0000,0.0000,0.0000,1.0000,0.0000,94,1778614657,44,8,42,0,19,0,0.0000,0,0,0.0000,0,0.0000,0,0,0.0000,0.0000,0.0000,0.0000,0.0000,0.0000,0,7,0,0,0,0,0,94,94,0.0000,0.0000,0.0000,0.0000,0.0000,0.0000,0.0000,0.0000
Sage,0.0000,50.0000,0.0000,0.0000,1.0000,0.0000,94,1778614657,44,8,42,0,31,0,0.0000,0,0,0.0000,0,0.0000,0,0,0.0000,0.0000,0.0000,0.0000,0.0000,0.0000,0,22,0,0,0,0,0,94,94,0.0000,0.0000,0.0000,0.0000,0.0000,0.0000,0.0000,0.0000
Assassin,-0.0477,49.9762,-0.0477,-0.0191,0.9995,0.0602,94,1778614657,44,8,42,0,17,16,0.9412,5,2,0.4000,5,1.0000,0,0,4.0000,0.8000,-0.0638,-0.0106,-0.0213,-0.0106,1,2,0,16,0,0,0,94,94,5.0000,11.0000,2.0000,3.0000,1.0000,3.0000,2.0000,3.0000
Warlord,-0.0560,49.9720,-0.0560,-0.0224,0.9994,0.1845,94,1778614657,44,8,42,0,25,22,0.8800,47,30,0.6383,17,0.3617,4,1,75.0000,1.5957,0.0638,0.1383,0.2660,0.0532,5,11,0,0,0,0,0,94,94,14.0000,8.0000,30.0000,17.0000,50.0000,25.0000,11.0000,6.0000
Just,-0.2583,49.8708,-0.2583,-0.1033,0.9974,0.0761,94,1778614657,44,8,42,0,20,10,0.5000,8,6,0.7500,0,0.0000,0,0,24.0000,3.0000,0.0000,0.0426,0.1277,0.0000,0,5,0,0,0,0,0,94,94,5.0000,5.0000,6.0000,2.0000,18.0000,6.0000,0.0000,0.0000
Priest,-0.2791,49.8605,-0.2791,-0.1116,0.9972,0.0602,94,1778614657,44,8,42,0,16,11,0.6875,5,1,0.2000,1,0.2000,0,0,14.0000,2.8000,-0.0319,-0.0319,-0.1064,-0.0106,0,4,0,0,0,0,0,94,94,4.0000,7.0000,1.0000,4.0000,2.0000,12.0000,0.0000,1.0000
Champion,-0.5963,49.7018,-0.5963,-0.2385,0.9940,0.1291,94,1778614657,44,8,42,0,19,18,0.9474,23,9,0.3913,8,0.3478,3,1,47.0000,2.0435,-0.0213,-0.0532,-0.0745,-0.0213,6,4,0,0,0,0,0,94,94,8.0000,10.0000,9.0000,14.0000,20.0000,27.0000,3.0000,5.0000
Hero,-0.7703,49.6148,-0.7703,-0.3081,0.9923,0.1424,94,1778614657,44,8,42,0,22,20,0.9091,28,15,0.5357,8,0.2857,3,0,52.0000,1.8571,0.0000,0.0213,0.1277,0.0213,6,6,0,0,0,0,0,94,94,10.0000,10.0000,15.0000,13.0000,32.0000,20.0000,5.0000,3.0000
Messenger,-0.8043,49.5978,-0.8043,-0.3217,0.9920,0.1680,94,1778614657,44,8,42,0,32,30,0.9375,39,26,0.6667,6,0.1538,2,0,79.0000,2.0256,0.0638,0.1383,0.3085,-0.0213,2,15,0,0,0,0,0,94,94,18.0000,12.0000,26.0000,13.0000,54.0000,25.0000,2.0000,4.0000
Pikeman,-0.9028,49.5486,-0.9028,-0.3611,0.9910,0.1569,94,1778614657,44,8,42,0,18,18,1.0000,34,19,0.5588,15,0.4412,3,0,56.0000,1.6471,-0.0213,0.0426,0.0000,0.0106,7,6,0,0,0,0,0,94,94,8.0000,10.0000,19.0000,15.0000,28.0000,28.0000,8.0000,7.0000
Trickster,-1.0687,49.4657,-1.0687,-0.4275,0.9893,0.1723,94,1778614657,44,8,42,0,30,27,0.9000,41,16,0.3902,9,0.2195,6,2,85.0000,2.0732,-0.0957,-0.0957,-0.1383,-0.0106,3,12,0,0,0,0,0,94,94,9.0000,18.0000,16.0000,25.0000,36.0000,49.0000,4.0000,5.0000
Outlaw,-1.1515,49.4243,-1.1515,-0.4606,0.9885,0.0712,94,1778614657,44,8,42,0,17,16,0.9412,7,4,0.5714,2,0.2857,0,0,12.0000,1.7143,0.0426,0.0106,0.0000,0.0000,1,5,0,0,0,0,0,94,94,10.0000,6.0000,4.0000,3.0000,6.0000,6.0000,1.0000,1.0000
Footman,-1.1933,49.4033,-1.1933,-0.4773,0.9881,0.1372,94,1778614657,44,8,42,0,27,25,0.9259,26,14,0.5385,12,0.4615,2,0,37.0000,1.4231,-0.0532,0.0213,0.0532,-0.0213,3,9,0,0,0,0,0,94,94,10.0000,15.0000,14.0000,12.0000,21.0000,16.0000,5.0000,7.0000
Lance,-1.1970,49.4015,-1.1970,-0.4788,0.9880,0.0381,94,1778614657,44,8,42,0,16,13,0.8125,2,2,1.0000,0,0.0000,0,0,3.0000,1.5000,0.0106,0.0213,0.0319,0.0000,0,1,0,0,0,0,0,94,94,7.0000,6.0000,2.0000,0.0000,3.0000,0.0000,0.0000,0.0000
Swordmaster,-1.3994,49.3003,-1.3994,-0.5598,0.9860,0.1203,94,1778614657,44,8,42,0,22,18,0.8182,20,8,0.4000,6,0.3000,2,1,38.0000,1.9000,0.0000,-0.0426,-0.1064,0.0000,2,5,0,0,0,0,0,94,94,9.0000,9.0000,8.0000,12.0000,14.0000,24.0000,3.0000,3.0000
Duke,-1.4123,49.2939,-1.4123,-0.5649,0.9859,0.1474,94,1778614657,44,8,42,0,23,22,0.9565,30,16,0.5333,9,0.3000,3,1,53.0000,1.7667,0.0213,0.0213,-0.0106,0.0532,7,2,0,0,0,0,0,94,94,12.0000,10.0000,16.0000,14.0000,26.0000,27.0000,7.0000,2.0000
Bishop,-1.4826,49.2587,-1.4826,-0.5931,0.9852,0.0761,94,1778614657,44,8,42,0,23,13,0.5652,8,6,0.7500,3,0.3750,0,0,10.0000,1.2500,0.0532,0.0426,0.0213,-0.0106,0,6,0,0,0,0,0,94,94,9.0000,4.0000,6.0000,2.0000,6.0000,4.0000,1.0000,2.0000
Magician,-1.5332,49.2334,-1.5332,-0.6133,0.9847,0.1142,94,1778614657,44,8,42,0,21,19,0.9048,18,10,0.5556,2,0.1111,0,0,41.0000,2.2778,0.0532,0.0213,0.0319,0.0000,6,5,0,0,0,0,0,94,94,12.0000,7.0000,10.0000,8.0000,22.0000,19.0000,1.0000,1.0000
Ranger,-1.6683,49.1659,-1.6683,-0.6673,0.9833,0.0381,94,1778614657,44,8,42,0,20,5,0.2500,2,0,0.0000,1,0.5000,0,0,-1.0000,-0.5000,-0.0319,-0.0213,0.0106,-0.0106,0,11,0,0,0,0,0,94,94,1.0000,4.0000,0.0000,2.0000,0.0000,-1.0000,0.0000,1.0000
Iron Gate,-1.7476,49.1262,-1.7476,-0.6990,0.9825,0.1233,94,1778614657,44,8,42,0,21,17,0.8095,21,10,0.4762,10,0.4762,3,1,21.0000,1.0000,0.0106,-0.0106,0.0106,-0.0213,2,5,0,0,0,0,0,94,94,9.0000,8.0000,10.0000,11.0000,11.0000,10.0000,4.0000,6.0000
Slinger,-1.9063,49.0469,-1.9063,-0.7625,0.9809,0.1498,94,1778614657,44,8,42,0,24,20,0.8333,31,15,0.4839,11,0.3548,0,1,51.0000,1.6452,0.0638,-0.0106,0.0319,-0.0106,4,7,0,0,0,0,0,94,94,13.0000,7.0000,15.0000,16.0000,27.0000,24.0000,5.0000,6.0000
Thunder Dash,-1.9708,49.0146,-1.9708,-0.7883,0.9803,0.0932,94,1778614657,44,8,42,0,18,17,0.9444,12,8,0.6667,2,0.1667,1,0,19.0000,1.5833,-0.0319,0.0426,0.0319,0.0000,0,5,0,0,0,0,0,94,94,7.0000,10.0000,8.0000,4.0000,11.0000,8.0000,1.0000,1.0000
Scholar,-2.0062,48.9969,-2.0062,-0.8025,0.9799,0.0602,94,1778614657,44,8,42,0,41,6,0.1463,5,2,0.4000,2,0.4000,0,0,2.0000,0.4000,-0.0213,-0.0106,0.0000,0.0000,0,29,0,2,0,0,0,94,94,2.0000,4.0000,2.0000,3.0000,1.0000,1.0000,1.0000,1.0000
Shieldbearer,-2.1198,48.9401,-2.1198,-0.8479,0.9788,0.1203,94,1778614657,44,8,42,0,20,19,0.9500,20,10,0.5000,5,0.2500,2,0,30.0000,1.5000,0.0106,0.0000,0.0213,0.0319,1,8,0,0,0,0,0,94,94,10.0000,9.0000,10.0000,10.0000,16.0000,14.0000,4.0000,1.0000
Fire Lancer,-2.2191,48.8905,-2.2191,-0.8876,0.9778,0.0712,94,1778614657,44,8,42,0,14,12,0.8571,7,1,0.1429,0,0.0000,0,0,12.0000,1.7143,-0.0213,-0.0532,-0.0851,0.0000,1,3,0,0,0,0,0,94,94,5.0000,7.0000,1.0000,6.0000,2.0000,10.0000,0.0000,0.0000
Fox Leap,-2.3505,48.8247,-2.3505,-0.9402,0.9765,0.1398,94,1778614657,44,8,42,0,26,19,0.7308,27,9,0.3333,6,0.2222,0,0,57.0000,2.1111,-0.0106,-0.0957,-0.1596,-0.0426,1,10,0,0,0,0,0,94,94,9.0000,10.0000,9.0000,18.0000,21.0000,36.0000,1.0000,5.0000
Artist,-2.3571,48.8214,-2.3571,-0.9429,0.9764,0.0381,94,1778614657,44,8,42,0,27,5,0.1852,2,1,0.5000,1,0.5000,0,0,-3.0000,-1.5000,-0.0319,0.0000,-0.0319,0.0106,0,17,0,1,0,0,0,94,94,1.0000,4.0000,1.0000,1.0000,-3.0000,0.0000,1.0000,0.0000
Oni,-2.4302,48.7849,-2.4302,-0.9721,0.9757,0.1702,94,1778614657,44,8,42,0,28,22,0.7857,40,33,0.8250,8,0.2000,2,1,50.0000,1.2500,0.0638,0.2766,0.3404,0.0213,4,16,0,0,0,0,0,94,94,14.0000,8.0000,33.0000,7.0000,41.0000,9.0000,5.0000,3.0000
Commander,-2.4738,48.7631,-2.4738,-0.9895,0.9753,0.1076,94,1778614657,44,8,42,0,15,12,0.8000,16,9,0.5625,5,0.3125,0,0,19.0000,1.1875,0.0000,0.0213,0.0319,-0.0106,2,3,0,0,0,0,0,94,94,6.0000,6.0000,9.0000,7.0000,11.0000,8.0000,2.0000,3.0000
Rook,-2.5052,48.7474,-2.5052,-1.0021,0.9749,0.0659,94,1778614657,44,8,42,0,17,10,0.5882,6,0,0.0000,2,0.3333,0,0,2.0000,0.3333,0.0000,-0.0638,-0.0213,-0.0213,1,7,0,0,0,0,0,94,94,5.0000,5.0000,0.0000,6.0000,0.0000,2.0000,0.0000,2.0000
Elephant,-2.5610,48.7195,-2.5610,-1.0244,0.9744,0.0970,94,1778614657,44,8,42,0,34,18,0.5294,13,5,0.3846,5,0.3846,0,0,12.0000,0.9231,0.0426,-0.0319,-0.0426,0.0106,2,16,0,0,0,0,0,94,94,11.0000,7.0000,5.0000,8.0000,4.0000,8.0000,3.0000,2.0000
War Drummer,-2.5928,48.7036,-2.5928,-1.0371,0.9741,0.1592,94,1778614657,44,8,42,0,36,30,0.8333,35,13,0.3714,7,0.2000,1,0,75.0000,2.1429,-0.0213,-0.0957,-0.1809,-0.0532,1,15,0,0,0,0,0,94,94,14.0000,16.0000,13.0000,22.0000,29.0000,46.0000,1.0000,6.0000
Archer,-2.6165,48.6918,-2.6165,-1.0466,0.9738,0.1142,94,1778614657,44,8,42,0,21,18,0.8571,18,12,0.6667,4,0.2222,0,0,26.0000,1.4444,0.0000,0.0638,0.0213,0.0000,3,5,0,0,0,0,0,94,94,9.0000,9.0000,12.0000,6.0000,14.0000,12.0000,2.0000,2.0000
Skirmisher,-2.6764,48.6618,-2.6764,-1.0706,0.9732,0.1498,94,1778614657,44,8,42,0,24,19,0.7917,31,15,0.4839,7,0.2258,1,0,57.0000,1.8387,-0.0106,-0.0106,-0.0957,0.0106,4,6,0,0,0,0,0,94,94,9.0000,10.0000,15.0000,16.0000,24.0000,33.0000,4.0000,3.0000
Monk,-2.7208,48.6396,-2.7208,-1.0883,0.9728,0.0538,94,1778614657,44,8,42,0,18,1,0.0556,4,4,1.0000,1,0.2500,0,1,-1.0000,-0.2500,0.0106,0.0426,-0.0106,0.0106,1,8,0,0,0,0,0,94,94,1.0000,0.0000,4.0000,0.0000,-1.0000,0.0000,1.0000,0.0000
Pathfinder,-2.7277,48.6361,-2.7277,-1.0911,0.9727,0.1474,94,1778614657,44,8,42,0,27,24,0.8889,30,9,0.3000,8,0.2667,2,1,56.0000,1.8667,-0.0213,-0.1277,-0.2766,-0.0426,2,8,0,0,0,0,0,94,94,11.0000,13.0000,9.0000,21.0000,15.0000,41.0000,2.0000,6.0000
Friar,-2.8977,48.5512,-2.8977,-1.1591,0.9710,0.1345,94,1778614657,44,8,42,0,17,17,1.0000,25,14,0.5600,6,0.2400,2,0,31.0000,1.2400,0.0319,0.0319,0.0532,-0.0213,5,5,0,0,0,0,0,94,94,10.0000,7.0000,14.0000,11.0000,18.0000,13.0000,2.0000,4.0000
Traveler,-2.9186,48.5407,-2.9186,-1.1675,0.9708,0.1203,94,1778614657,44,8,42,0,23,18,0.7826,20,12,0.6000,5,0.2500,1,0,24.0000,1.2000,0.0638,0.0426,0.0213,0.0106,3,5,0,0,0,0,0,94,94,12.0000,6.0000,12.0000,8.0000,13.0000,11.0000,3.0000,2.0000
Halberdier,-3.1155,48.4423,-3.1155,-1.2462,0.9688,0.1233,94,1778614657,44,8,42,0,31,16,0.5161,21,16,0.7619,1,0.0476,1,0,32.0000,1.5238,0.0000,0.1170,0.1064,0.0106,3,9,0,0,0,0,0,94,94,8.0000,8.0000,16.0000,5.0000,21.0000,11.0000,1.0000,0.0000
General,-3.1607,48.4197,-3.1607,-1.2643,0.9684,0.1659,94,1778614657,44,8,42,0,29,27,0.9310,38,14,0.3684,11,0.2895,3,1,68.0000,1.7895,-0.0532,-0.1064,-0.3404,0.0106,10,5,0,0,0,0,0,94,94,11.0000,16.0000,14.0000,24.0000,18.0000,50.0000,6.0000,5.0000
Councillor,-3.1762,48.4119,-3.1762,-1.2705,0.9682,0.0851,94,1778614657,44,8,42,0,21,13,0.6190,10,0,0.0000,4,0.4000,0,0,2.0000,0.2000,-0.0532,-0.1064,-0.0213,-0.0426,1,2,0,0,0,0,0,94,94,4.0000,9.0000,0.0000,10.0000,0.0000,2.0000,0.0000,4.0000
Knight,-3.2423,48.3788,-3.2423,-1.2969,0.9676,0.1884,94,1778614657,44,8,42,0,24,21,0.8750,49,18,0.3673,17,0.3469,6,0,59.0000,1.2041,-0.0532,-0.1383,-0.1596,-0.0745,6,8,0,0,0,0,0,94,94,8.0000,13.0000,18.0000,31.0000,22.0000,37.0000,5.0000,12.0000
Lover,-3.2754,48.3623,-3.2754,-1.3102,0.9672,0.1007,94,1778614657,44,8,42,0,26,14,0.5385,14,10,0.7143,1,0.0714,0,0,17.0000,1.2143,0.0426,0.0638,0.0532,-0.0106,3,8,0,14,0,0,0,94,94,9.0000,5.0000,10.0000,4.0000,11.0000,6.0000,0.0000,1.0000
Gatebreaker,-3.3373,48.3313,-3.3373,-1.3349,0.9666,0.0892,94,1778614657,44,8,42,0,17,16,0.9412,11,5,0.4545,2,0.1818,0,0,9.0000,0.8182,0.0213,-0.0106,-0.0532,0.0000,1,3,0,0,0,0,0,94,94,9.0000,7.0000,5.0000,6.0000,2.0000,7.0000,1.0000,1.0000
Guardian,-3.3612,48.3194,-3.3612,-1.3445,0.9664,0.1262,94,1778614657,44,8,42,0,24,13,0.5417,22,8,0.3636,10,0.4545,1,0,10.0000,0.4545,-0.0745,-0.0638,0.0638,-0.0638,2,13,0,0,0,0,0,94,94,3.0000,10.0000,8.0000,14.0000,8.0000,2.0000,2.0000,8.0000
Innocent,-3.4282,48.2859,-3.4282,-1.3713,0.9657,0.0602,94,1778614657,44,8,42,0,27,6,0.2222,5,0,0.0000,2,0.4000,1,0,-6.0000,-1.2000,-0.0213,-0.0532,0.0638,-0.0213,0,13,0,0,0,0,0,94,94,2.0000,4.0000,0.0000,5.0000,0.0000,-6.0000,0.0000,2.0000
Spearman,-3.4844,48.2578,-3.4844,-1.3938,0.9652,0.1592,94,1778614657,44,8,42,0,32,28,0.8750,35,10,0.2857,12,0.3429,1,2,52.0000,1.4857,-0.0426,-0.1596,-0.2553,-0.0426,4,7,0,0,0,0,0,94,94,12.0000,16.0000,10.0000,25.0000,14.0000,38.0000,4.0000,8.0000
Marshal,-3.5139,48.2430,-3.5139,-1.4056,0.9649,0.1142,94,1778614657,44,8,42,0,24,21,0.8750,18,17,0.9444,3,0.1667,1,0,15.0000,0.8333,0.1170,0.1702,0.1383,0.0319,1,5,0,0,0,0,0,94,94,16.0000,5.0000,17.0000,1.0000,14.0000,1.0000,3.0000,0.0000
Longbowman,-3.5306,48.2347,-3.5306,-1.4122,0.9647,0.1424,94,1778614657,44,8,42,0,24,21,0.8750,28,13,0.4643,5,0.1786,0,0,37.0000,1.3214,0.0106,-0.0213,0.0957,0.0106,7,5,0,0,0,0,0,94,94,11.0000,10.0000,13.0000,15.0000,23.0000,14.0000,3.0000,2.0000
Craftsman,-3.7041,48.1480,-3.7041,-1.4816,0.9630,0.0659,94,1778614657,44,8,42,0,22,6,0.2727,6,1,0.1667,2,0.3333,0,0,-5.0000,-0.8333,0.0000,-0.0426,0.0319,-0.0213,0,15,0,0,0,0,0,94,94,3.0000,3.0000,1.0000,5.0000,-1.0000,-4.0000,0.0000,2.0000
Wind Step,-3.7340,48.1330,-3.7340,-1.4936,0.9627,0.1474,94,1778614657,44,8,42,0,19,18,0.9474,30,20,0.6667,5,0.1667,0,0,38.0000,1.2667,0.0000,0.1064,0.1277,0.0106,3,5,0,0,0,0,0,94,94,9.0000,9.0000,20.0000,10.0000,25.0000,13.0000,3.0000,2.0000
Herald,-3.9422,48.0289,-3.9422,-1.5769,0.9606,0.1449,94,1778614657,44,8,42,0,25,21,0.8400,29,22,0.7586,3,0.1034,1,0,33.0000,1.1379,0.0745,0.1596,0.1809,0.0319,2,8,0,0,0,0,0,94,94,14.0000,7.0000,22.0000,7.0000,25.0000,8.0000,3.0000,0.0000
Field Surveyor,-4.0751,47.9625,-4.0751,-1.6300,0.9592,0.1498,94,1778614657,44,8,42,0,28,17,0.6071,31,18,0.5806,11,0.3548,3,0,17.0000,0.5484,0.0745,0.0532,0.0319,0.0745,5,9,0,0,0,0,0,94,94,12.0000,5.0000,18.0000,13.0000,10.0000,7.0000,9.0000,2.0000
Everyman,-4.0963,47.9519,-4.0963,-1.6385,0.9590,0.0712,94,1778614657,44,8,42,0,44,7,0.1591,7,4,0.5714,3,0.4286,0,0,-8.0000,-1.1429,-0.0106,0.0106,0.0213,-0.0319,0,37,0,3,0,0,0,94,94,3.0000,4.0000,4.0000,3.0000,-3.0000,-5.0000,0.0000,3.0000
Shield Wall,-4.3078,47.8461,-4.3078,-1.7231,0.9569,0.1474,94,1778614657,44,8,42,0,17,16,0.9412,30,8,0.2667,9,0.3000,2,0,28.0000,0.9333,-0.0426,-0.1489,-0.1277,-0.0319,2,6,0,0,0,0,0,94,94,6.0000,10.0000,8.0000,22.0000,8.0000,20.0000,3.0000,6.0000
Silver General,-4.4922,47.7539,-4.4922,-1.7969,0.9551,0.1522,94,1778614657,44,8,42,0,16,12,0.7500,32,16,0.5000,9,0.2812,1,0,31.0000,0.9688,0.0213,0.0000,-0.0745,0.0106,7,1,0,0,0,0,0,94,94,7.0000,5.0000,16.0000,16.0000,12.0000,19.0000,5.0000,4.0000
Scout,-4.5713,47.7143,-4.5713,-1.8285,0.9543,0.1042,94,1778614657,44,8,42,0,21,8,0.3810,15,5,0.3333,2,0.1333,0,0,6.0000,0.4000,0.0213,-0.0532,0.0426,-0.0213,2,13,0,0,0,0,0,94,94,5.0000,3.0000,5.0000,10.0000,5.0000,1.0000,0.0000,2.0000
Rajah,-4.6991,47.6505,-4.6991,-1.8796,0.9530,0.2784,94,1778614657,44,8,42,0,49,48,0.9796,107,62,0.5794,24,0.2243,2,3,127.0000,1.1869,0.1277,0.1809,0.2021,0.0000,0,33,2,0,0,0,0,94,94,30.0000,18.0000,62.0000,45.0000,73.0000,54.0000,12.0000,12.0000
Gold General,-4.7650,47.6175,-4.7650,-1.9060,0.9523,0.1569,94,1778614657,44,8,42,0,19,18,0.9474,34,17,0.5000,7,0.2059,0,0,38.0000,1.1176,-0.0213,0.0000,-0.0213,0.0319,6,3,0,0,0,0,0,94,94,8.0000,10.0000,17.0000,17.0000,18.0000,20.0000,5.0000,2.0000
Crane Spiral,-4.8141,47.5930,-4.8141,-1.9256,0.9519,0.2049,94,1778614657,44,8,42,0,38,36,0.9474,58,36,0.6207,11,0.1897,0,0,68.0000,1.1724,0.0426,0.1489,0.2128,0.0532,5,16,0,0,0,0,0,94,94,20.0000,16.0000,36.0000,22.0000,44.0000,24.0000,8.0000,3.0000
Khan,-4.8310,47.5845,-4.8310,-1.9324,0.9517,0.2235,94,1778614657,44,8,42,0,35,35,1.0000,69,33,0.4783,15,0.2174,1,2,94.0000,1.3623,0.0745,-0.0319,0.0213,-0.0319,0,15,2,17,0,0,5,94,94,21.0000,14.0000,33.0000,36.0000,48.0000,46.0000,6.0000,9.0000
Steward,-4.8347,47.5826,-4.8347,-1.9339,0.9517,0.1142,94,1778614657,44,8,42,0,32,16,0.5000,18,14,0.7778,4,0.2222,0,0,4.0000,0.2222,0.0638,0.1064,0.0638,0.0000,0,13,0,0,0,0,0,94,94,11.0000,5.0000,14.0000,4.0000,5.0000,-1.0000,2.0000,2.0000
Oracle,-5.1514,47.4243,-5.1514,-2.0606,0.9485,0.1659,94,1778614657,44,8,42,0,29,22,0.7586,38,15,0.3947,7,0.1842,2,0,36.0000,0.9474,-0.0426,-0.0851,-0.0213,-0.0319,2,17,0,2,0,0,0,94,94,9.0000,13.0000,15.0000,23.0000,17.0000,19.0000,2.0000,5.0000
Ruler,-5.8072,47.0964,-5.8072,-2.3229,0.9419,0.0807,94,1778614657,44,8,42,0,46,11,0.2391,9,2,0.2222,1,0.1111,0,0,-11.0000,-1.2222,-0.0106,-0.0532,0.0532,-0.0106,0,34,0,11,0,0,22,94,94,5.0000,6.0000,2.0000,7.0000,-3.0000,-8.0000,0.0000,1.0000
Bard,-6.7206,46.6397,-6.7206,-2.6883,0.9328,0.1615,94,1778614657,44,8,42,0,35,21,0.6000,36,11,0.3056,8,0.2222,0,0,16.0000,0.4444,-0.0106,-0.1489,-0.0426,-0.0426,1,13,0,0,0,0,0,94,94,10.0000,11.0000,11.0000,25.0000,6.0000,10.0000,2.0000,6.0000
Numero_2,-7.2069,46.3966,-7.2069,-2.8828,0.9279,0.3834,94,1778614657,44,8,42,0,112,97,0.8661,203,95,0.4680,30,0.1478,4,1,182.0000,0.8966,-0.0532,-0.0745,0.3617,0.0319,57,35,0,0,0,0,0,94,94,45.0000,50.0000,95.0000,102.0000,102.0000,68.0000,16.0000,13.0000
King,-8.2476,45.8762,-8.2476,-3.2990,0.9175,0.2219,94,1778614657,44,8,42,0,28,32,1.1429,68,8,0.1176,22,0.3235,3,1,72.0000,1.0588,-0.1489,-0.5532,-0.5957,-0.1915,0,11,4,0,0,0,0,94,94,9.0000,23.0000,8.0000,60.0000,8.0000,64.0000,2.0000,20.0000
Numero_1,-10.6225,44.6888,-10.6225,-4.2490,0.8938,0.5469,94,1778614657,44,8,42,0,189,181,0.9577,413,196,0.4746,39,0.0944,14,2,323.0000,0.7821,-0.0638,-0.1277,-0.0851,-0.0426,122,34,0,0,0,0,0,94,94,85.0000,91.0000,196.0000,208.0000,155.0000,163.0000,17.0000,21.0000
Numero_5,-11.1110,44.4445,-11.1110,-4.4444,0.8889,0.4888,94,1778614657,44,8,42,0,194,171,0.8814,330,153,0.4636,70,0.2121,13,0,155.0000,0.4697,-0.0745,-0.2234,-0.0957,-0.1383,84,46,0,0,0,0,0,94,94,80.0000,87.0000,153.0000,174.0000,72.0000,81.0000,28.0000,41.0000
Numero_7,-12.9057,43.5472,-12.9057,-5.1623,0.8709,0.4186,94,1778614657,44,8,42,0,103,99,0.9612,242,121,0.5000,28,0.1157,5,1,242.0000,1.0000,-0.0106,0.0638,-0.1277,-0.0851,73,13,0,0,0,0,0,94,94,48.0000,49.0000,121.0000,115.0000,114.0000,126.0000,10.0000,18.0000
Numero_6,-18.9754,40.5123,-18.9754,-7.5902,0.8102,0.5587,94,1778614657,44,8,42,0,170,169,0.9941,431,207,0.4803,31,0.0719,4,2,284.0000,0.6589,0.0000,-0.0532,0.0638,0.0106,129,22,0,0,0,0,0,94,94,82.0000,82.0000,207.0000,212.0000,138.0000,132.0000,16.0000,15.0000
Jester,-19.3163,40.3419,-19.3163,-7.7265,0.8068,0.3339,94,1778614657,44,8,42,0,126,91,0.7222,154,76,0.4935,9,0.0584,0,0,-69.0000,-0.4481,-0.0426,-0.0106,0.1702,-0.0106,0,57,0,34,3,0,0,94,94,43.0000,47.0000,76.0000,77.0000,-26.0000,-42.0000,4.0000,5.0000
Prince,-20.5103,39.7449,-20.5103,-8.2041,0.7949,1.0000,94,1778614657,44,8,42,0,160,540,3.3750,1381,335,0.2426,78,0.0565,2,27,514.0000,0.3722,-0.2447,0.0106,0.2553,-0.0106,0,76,383,540,0,0,0,94,94,139.0000,162.0000,335.0000,334.0000,266.0000,242.0000,38.0000,39.0000
Numero_4,-21.1008,39.4496,-21.1008,-8.4403,0.7890,0.5528,94,1778614657,44,8,42,0,189,178,0.9418,422,199,0.4716,45,0.1066,10,0,190.0000,0.4502,0.1383,-0.1702,-0.2979,0.1170,128,36,0,0,0,0,0,94,94,93.0000,80.0000,199.0000,215.0000,79.0000,107.0000,28.0000,17.0000
Numero_3,-21.1377,39.4312,-21.1377,-8.4551,0.7886,0.5056,94,1778614657,44,8,42,0,195,176,0.9026,353,177,0.5014,33,0.0935,7,2,58.0000,0.1643,0.0957,0.0532,-0.1170,0.1170,104,46,0,0,0,0,0,94,94,91.0000,82.0000,177.0000,172.0000,25.0000,36.0000,21.0000,10.0000
Troubadour,-23.0447,38.4776,-23.0447,-9.2179,0.7696,0.4454,94,1778614657,44,8,42,0,115,90,0.7826,274,131,0.4781,22,0.0803,3,1,75.0000,0.2737,0.0213,-0.0532,-0.2660,0.0851,41,33,0,21,0,1,0,94,94,45.0000,43.0000,131.0000,136.0000,24.0000,49.0000,15.0000,7.0000
